{
  "best_strategy": {
    "jump_trigger": 85.0,
    "jump_max_dist": 135.99262898356415,
    "emergency_dist": 15.0,
    "speed_factor": 4.11929588759578,
    "dj_height_frac": 0.9,
    "dj_min_ticks": 7,
    "dj_max_dist": 79.79467571153728,
    "duck_trigger": 102.59185442970549,
    "duck_release": -25.0,
    "duck_speed_factor": 0.9846180665528002
  },
  "log": [
    {
      "iter": 0,
      "mean": 72.73333333333333,
      "min": 57,
      "max": 87,
      "pct50": 100.0,
      "status": "baseline",
      "scores": [
        83,
        70,
        87,
        57,
        78,
        85,
        57,
        77,
        63,
        75,
        76,
        67,
        74,
        66,
        76
      ]
    },
    {
      "iter": 1,
      "mean": 72.93333333333334,
      "min": 34,
      "max": 87,
      "pct50": 93.33333333333333,
      "status": "KEEP",
      "delta": 0.20000000000000284,
      "scores": [
        83,
        70,
        87,
        57,
        78,
        85,
        34,
        77,
        63,
        78,
        76,
        78,
        75,
        77,
        76
      ]
    },
    {
      "iter": 2,
      "mean": 74.0,
      "min": 57,
      "max": 87,
      "pct50": 100.0,
      "status": "KEEP",
      "delta": 1.0666666666666629,
      "scores": [
        84,
        70,
        68,
        57,
        78,
        87,
        61,
        77,
        63,
        81,
        76,
        79,
        75,
        77,
        77
      ]
    }
  ],
  "final": {
    "mean": 75.76666666666667,
    "min": 57,
    "max": 92,
    "scores": [
      84,
      70,
      68,
      57,
      78,
      87,
      61,
      77,
      63,
      81,
      76,
      79,
      75,
      77,
      77,
      92,
      69,
      70,
      80,
      62,
      90,
      79,
      73,
      84,
      70,
      79,
      76,
      92,
      78,
      69
    ],
    "all_above_50": true,
    "pct_above_50": 100.0
  },
  "iterations": 2
}