{
    "jump_trigger": 118.79753128367307,
    "jump_max_dist": 140,
    "emergency_dist": 15.203262254779258,
    "speed_factor": 0,
    "dj_height_frac": 0.4034941407635051,
    "dj_min_ticks": 10,
    "dj_max_dist": 40,
    "duck_trigger": 128.02871811691045,
    "duck_release": -23.639130613102196,
    "duck_speed_factor": 0.3
}
