{
    "jump_trigger": 45,
    "jump_max_dist": 140,
    "emergency_dist": 15.203262254779258,
    "speed_factor": 2.50679869748002,
    "dj_height_frac": 0.7783327853077688,
    "dj_min_ticks": 10,
    "dj_max_dist": 40,
    "duck_trigger": 81.21111093786031,
    "duck_release": -10,
    "duck_speed_factor": 0.3
}
